[
  null,
  {
    "name": "<a style=\"green;\">│</a> <u>Lafirma",
    "permissions": "NONE",
    "restriction": "1",
    "_id": "tcXqB",
    "actions": []
  },
  {
    "name": "addban",
    "permissions": "NONE",
    "restriction": "1",
    "_id": "LacHc",
    "actions": [
      { "source": "WcykS1", "type": "true", "name": "Call Command/Event" }
    ],
    "customData": { "Test Extension": { "input1": 0, "input2": 0 } }
  },
  {
    "name": "on",
    "permissions": "NONE",
    "restriction": "1",
    "_id": "VhVya",
    "actions": [
      {
        "channel": "0",
        "varName": "",
        "message": "```asciidoc\n =Olá, estou aqui =)\n```",
        "storage": "0",
        "varName2": "",
        "iffalse": "0",
        "iffalseVal": "",
        "name": "Send Message"
      }
    ]
  },
  {
    "name": "ip",
    "permissions": "NONE",
    "restriction": "1",
    "_id": "mSDHp",
    "actions": [
      {
        "title": "IP DOS SERVIDORES",
        "author": "${msg.author.username}",
        "color": "RANDOM",
        "timestamp": "false",
        "url": "",
        "authorIcon": "${msg.author.displayAvatarURL}",
        "imageUrl": "",
        "thumbUrl": "",
        "storage": "1",
        "varName": "ips",
        "name": "Create Embed Message"
      },
      {
        "storage": "1",
        "varName": "ips",
        "message": "MIX 1 : 177.54.152.25:27240\n\nMIX 2 : 177.54.152.25:27100\n \nDM : \n\nRETAKE : 177.54.157.164:27027",
        "name": "Set Embed Description"
      },
      {
        "storage": "1",
        "varName": "ips",
        "channel": "0",
        "varName2": "",
        "name": "Send Embed Message"
      }
    ]
  },
  {
    "name": "say",
    "permissions": "NONE",
    "restriction": "2",
    "_id": "LUeXz",
    "actions": [
      { "source": "qRtBq", "type": "true", "name": "Call Command/Event" }
    ]
  },
  {
    "name": "anuncio",
    "permissions": "ADMINISTRATOR",
    "restriction": "1",
    "_id": "ihMJC",
    "actions": [
      {
        "condition": "0",
        "comparison": "1",
        "value": "2",
        "iftrue": "2",
        "iftrueVal": "2",
        "iffalse": "2",
        "iffalseVal": "5",
        "name": "Check Parameters"
      },
      { "storage": "0", "varName": "", "name": "Delete Message" },
      {
        "channel": "0",
        "varName": "",
        "message": "**Use `!anuncio #canal (aviso)`**",
        "storage": "0",
        "varName2": "",
        "iffalse": "1",
        "iffalseVal": "",
        "name": "Send Message"
      },
      { "name": "End Action Sequence" },
      {
        "channel": "0",
        "varName": "",
        "message": "**  Criando anuncio... **",
        "storage": "1",
        "varName2": "mensagem",
        "name": "Send Message"
      },
      { "time": "3", "measurement": "1", "name": "Wait" },
      {
        "storage": "1",
        "varName": "mensagem",
        "message": "** ✅ Enviado com sucesso!!**",
        "storage2": "1",
        "varName2": "",
        "name": "Edit Message"
      },
      { "storage": "0", "varName": "", "name": "Delete Message" },
      {
        "info": "1",
        "infoIndex": "2",
        "storage": "1",
        "varName": "texto e aviso",
        "name": "Store Command Params"
      },
      {
        "member": "1",
        "varName": "",
        "info": "18",
        "storage": "1",
        "varName2": "tag autor ",
        "name": "Store Member Info"
      },
      {
        "member": "1",
        "varName": "",
        "info": "12",
        "storage": "1",
        "varName2": "avatar autor",
        "name": "Store Member Info"
      },
      {
        "title": "** !! Aviso !!**",
        "author": "",
        "color": "#d03243",
        "timestamp": "true",
        "url": "",
        "authorIcon": "",
        "imageUrl": "",
        "thumbUrl": "https://cdn.discordapp.com/attachments/689648446893719568/690002578817155382/fimous_lords.jpg",
        "storage": "1",
        "varName": "embed",
        "name": "Create Embed Message"
      },
      {
        "storage": "1",
        "varName": "embed",
        "message": "**${tempVars(\"texto e aviso\")}**",
        "name": "Set Embed Description"
      },
      {
        "storage": "1",
        "varName": "embed",
        "message": "Anuncio feito por ${tempVars(\"tag autor \")}",
        "footerIcon": "${tempVars(\"avatar autor\")}",
        "name": "Set Embed Footer"
      },
      {
        "channel": "3",
        "varName": "",
        "message": "**|| @everyone ||**",
        "storage": "0",
        "varName2": "",
        "iffalse": "0",
        "iffalseVal": "",
        "name": "Send Message"
      },
      {
        "storage": "1",
        "varName": "embed",
        "channel": "3",
        "varName2": "",
        "storage3": "0",
        "varName3": "",
        "iffalse": "1",
        "iffalseVal": "",
        "messageContent": "",
        "name": "Send Embed Message"
      }
    ],
    "event-type": "0"
  },
  {
    "name": "servidoroff",
    "permissions": "NONE",
    "restriction": "1",
    "_id": "nxBcH",
    "actions": [
      {
        "info": "0",
        "find": "442437055826493440",
        "storage": "1",
        "varName": "member",
        "find2": "0",
        "iffalse": "0",
        "iffalseVal": "",
        "name": "Find Member"
      },
      {
        "info": "0",
        "find": "592220951505141789",
        "storage": "1",
        "varName": "server",
        "name": "Find Server"
      },
      {
        "channel": "",
        "varName": "",
        "message": "",
        "storage": "1",
        "varName2": "",
        "iffalse": "0",
        "iffalseVal": "",
        "name": "Send Message"
      },
      { "storage": "0", "varName": "", "name": "Delete Message" },
      {
        "message": "",
        "varName": "",
        "info": "19",
        "storage": "1",
        "varName2": "server",
        "name": "Store Message Info"
      },
      {
        "channel": "1",
        "varName": "",
        "message": "Qual servidor está offline?",
        "storage": "1",
        "varName2": "serv",
        "iffalse": "0",
        "iffalseVal": "",
        "name": "Send Message"
      },
      {
        "message": "1",
        "varName": "serv",
        "info": "4",
        "storage": "1",
        "varName2": "channeldm",
        "name": "Store Message Info"
      },
      {
        "storage": "3",
        "varName": "channeldm",
        "filter": "content.length > 0 && author.id === '${msg.author.id}'",
        "max": "1",
        "time": "60000",
        "iftrue": "0",
        "iftrueVal": "",
        "iffalse": "1",
        "iffalseVal": "",
        "storage2": "1",
        "varName2": "servidor",
        "name": "Await Response Call Action"
      },
      {
        "channel": "1",
        "varName": "",
        "message": "Pronto, obrigado!",
        "storage": "0",
        "varName2": "",
        "iffalse": "0",
        "iffalseVal": "",
        "name": "Send Message"
      },
      {
        "title": "SERVIDORES OFFLINES:",
        "author": "${member.displayName}",
        "color": "#FE2E2E",
        "url": "",
        "authorIcon": "${msg.author.displayAvatarURL}",
        "authorUrl": "",
        "imageUrl": "http://r70.cooltext.com/rendered/cooltext354256423846274.gif",
        "thumbUrl": "",
        "timestamp": "false",
        "debug": "false",
        "text": "",
        "year": "",
        "month": "",
        "day": "",
        "hour": "",
        "minute": "",
        "second": "",
        "storage": "1",
        "varName": "embed",
        "name": "Create Embed Message"
      },
      {
        "storage": "1",
        "varName": "embed",
        "fieldName": "",
        "message": "${tempVars(\"servidor\")}",
        "inline": "1",
        "name": "Add Embed Field"
      },
      { "storage": "1", "varName": "embed", "name": "Add Blank Embed Field" },
      { "server": "1", "varName": "server", "name": "Change Server" },
      {
        "info": "0",
        "find": "691508623083307038",
        "storage": "1",
        "varName": "channel",
        "name": "Find Channel"
      },
      {
        "storage": "1",
        "varName": "embed",
        "channel": "6",
        "varName2": "lmonster",
        "storage3": "0",
        "varName3": "",
        "iffalse": "0",
        "iffalseVal": "",
        "messageContent": "",
        "name": "Send Embed Message"
      },
      {
        "storage": "1",
        "varName": "embed",
        "channel": "6",
        "varName2": "destiny",
        "storage3": "0",
        "varName3": "",
        "iffalse": "0",
        "iffalseVal": "",
        "messageContent": "",
        "name": "Send Embed Message"
      },
      {
        "storage": "1",
        "varName": "embed",
        "channel": "6",
        "varName2": "bullets",
        "storage3": "0",
        "varName3": "",
        "iffalse": "0",
        "iffalseVal": "",
        "messageContent": "",
        "name": "Send Embed Message"
      },
      {
        "storage": "1",
        "varName": "embed",
        "channel": "6",
        "varName2": "bede",
        "storage3": "0",
        "varName3": "",
        "iffalse": "0",
        "iffalseVal": "",
        "messageContent": "",
        "name": "Send Embed Message"
      }
    ]
  },
  {
    "name": "denunciar",
    "permissions": "NONE",
    "restriction": "1",
    "actions": [
      { "source": "weas", "type": "true", "name": "Call Command/Event" }
    ],
    "_id": "fjrQM"
  },
  {
    "name": "ping",
    "permissions": "NONE",
    "restriction": "1",
    "_id": "MiChO",
    "actions": [
      {
        "title": "📡Ping",
        "author": "",
        "color": "",
        "url": "",
        "authorIcon": "",
        "authorUrl": "",
        "imageUrl": "",
        "thumbUrl": "",
        "timestamp": "false",
        "debug": "false",
        "text": "",
        "year": "",
        "month": "",
        "day": "",
        "hour": "",
        "minute": "",
        "second": "",
        "storage": "1",
        "varName": "embedping",
        "name": "Create Embed Message"
      },
      {
        "storage": "1",
        "varName": "embedping",
        "fieldName": "${client.ping}",
        "message": "",
        "inline": "1",
        "name": "Add Embed Field"
      },
      {
        "storage": "1",
        "varName": "embedping",
        "channel": "0",
        "varName2": "",
        "storage3": "0",
        "varName3": "",
        "iffalse": "0",
        "iffalseVal": "",
        "messageContent": "",
        "name": "Send Embed Message"
      }
    ]
  },
  {
    "name": "myinfos",
    "permissions": "NONE",
    "restriction": "1",
    "_id": "qxutv",
    "actions": [
      {
        "member": "1",
        "varName": "embedinfo",
        "info": "12",
        "storage": "1",
        "varName2": "avatar",
        "name": "Store Member Info"
      },
      { "storage": "0", "varName": "", "name": "Delete Message" },
      {
        "title": "Infos",
        "author": "${msg.author.username}",
        "color": "RANDOM",
        "url": "",
        "authorIcon": "${msg.author.displayAvatarURL}",
        "authorUrl": "",
        "imageUrl": "${msg.author.displayAvatarURL}",
        "thumbUrl": "",
        "timestamp": "false",
        "debug": "false",
        "text": "",
        "year": "",
        "month": "",
        "day": "",
        "hour": "",
        "minute": "",
        "second": "",
        "storage": "1",
        "varName": "embedinfo",
        "name": "Create Embed Message"
      },
      {
        "storage": "1",
        "varName": "embedinfo",
        "fieldName": "Username:",
        "message": "${msg.author.username}",
        "inline": "1",
        "name": "Add Embed Field"
      },
      {
        "storage": "1",
        "varName": "embedinfo",
        "fieldName": "Criado em",
        "message": "${msg.author.createdAt}\n",
        "inline": "1",
        "name": "Add Embed Field"
      },
      {
        "storage": "1",
        "varName": "embedinfo",
        "fieldName": "Id",
        "message": "${msg.author.id}",
        "inline": "1",
        "name": "Add Embed Field"
      },
      {
        "storage": "1",
        "varName": "embedinfo",
        "fieldName": "Tag",
        "message": "${msg.author.tag}",
        "inline": "1",
        "name": "Add Embed Field"
      },
      {
        "storage": "1",
        "varName": "embedinfo",
        "fieldName": "Discriminator",
        "message": "${msg.author.discriminator}",
        "inline": "1",
        "name": "Add Embed Field"
      },
      {
        "storage": "1",
        "varName": "embedinfo",
        "fieldName": "Cargos",
        "message": "${member.roles.array()}",
        "inline": "1",
        "name": "Add Embed Field"
      },
      {
        "storage": "1",
        "varName": "embedinfo",
        "fieldName": "Avatar",
        "message": "Clique [Aqui](${tempVars(\"avatar\")}) para baixar o avatar ",
        "inline": "1",
        "name": "Add Embed Field"
      },
      {
        "storage": "1",
        "varName": "embedinfo",
        "channel": "0",
        "varName2": "",
        "storage3": "0",
        "varName3": "",
        "iffalse": "0",
        "iffalseVal": "",
        "messageContent": "",
        "name": "Send Embed Message"
      }
    ]
  },
  {
    "name": "serverinfo",
    "permissions": "NONE",
    "restriction": "1",
    "_id": "TxDIg",
    "actions": []
  }
]
